BASH,Acrylic
fh_4_1,39
fh_4_2,40
fh_4_3,41
fh_4_4,42
fh_4_5,43
fh_4_6,44
fh_4_7,45
fh_4_8,46
fh_4_9,47
fh_4_10,48
fh_4_11,49
fh_4_12,50
fh_4_13,51
fh_4_14,52
fh_4_15,53
fh_4_16,54
fh_4_17,55
fh_4_18,56
fh_4_19,57
fh_4_20,58
fh_4_21,59
fh_4_22,60
fh_4_23,61
fh_4_24,NA
fh_5_1,111
fh_5_2,112
fh_5_3,113
fh_5_4,114
fh_5_5,115
fh_5_6,116
fh_5_7,117
fh_5_8,118
fh_5_9,119
fh_5_10,120
fh_5_11,121
fh_5_12,122
fh_5_13,123
fh_5_14,124
fh_5_15,125
fh_5_16,126
fh_5_17,127
fh_5_18,128
fh_5_19,129
fh_5_20,130
fh_5_21,131
fh_5_22,132
fh_5_23,133
fh_5_24,134
fh_5_25,NA
fh_5_26,NA
fh_5_27,NA
fh_5_28,NA
fh_5_29,NA
fh_5_30,NA
fh_3_1,85
fh_3_2,86
fh_3_3,87
fh_3_4,88
fh_3_5,89
fh_3_6,90
fh_3_7,91
fh_3_8,92
fh_3_9,93
fh_3_10,94
fh_3_11,95
fh_3_12,96
fh_3_13,97
fh_3_14,98
fh_3_15,99
fh_3_16,100
fh_3_17,101
fh_3_18,102
fh_3_19,103
fh_3_20,104
fh_3_21,105
fh_3_22,106
fh_3_23,107
fh_3_24,108
fh_3_25,109
fh_2_1,62
fh_2_2,63
fh_2_3,64
fh_2_4,65
fh_2_5,66
fh_2_6,67
fh_2_7,68
fh_2_8,69
fh_2_9,70
fh_2_10,71
fh_2_11,72
fh_2_12,73
fh_2_13,74
fh_2_14,75
fh_2_15,76
fh_2_16,77
fh_2_17,78
fh_2_18,79
fh_2_19,80
fh_2_20,81
fh_2_21,82
fh_2_22,83
fh_2_23,84
fh_2_24,NA
